"outcomes","event_cohort_name1","event_cohort_name2","event_cohort_name3","event_cohort_name4","ALL_LAYERS"
"donepezil","59.7088826582354","0","0","0","59.7088826582354"
"galantamine","10.8830957068146","0","0","0","10.8830957068146"
"memantine","18.2703971047346","0","0","0","18.2703971047346"
"rivastigmine","9.9365666447931","0","0","0","9.9365666447931"
"Other","1.20105788542226","100","100","100","14.3073037841277"
"Fixed combinations","0","0","0","0","0"
"All combinations","1.20105788542226","100","100","100","14.3073037841277"
"Monotherapy","98.7989421145777","0","0","0","100"
